#,Company,Symbol,Weight,Copy All Below Symbol and Paste In TradingView,","
1,Apple Inc.,AAPL,6.146311,"AAPL,",","
2,Microsoft Corporation,MSFT,5.343648,"MSFT,",","
3,Amazon.com Inc.,AMZN,2.575554,"AMZN,",","
4,Berkshire Hathaway Inc. Class B,BRK.B,1.688575,"BRK.B,",","
5,Alphabet Inc. Class A,GOOGL,1.654498,"GOOGL,",","
6,Alphabet Inc. Class C,GOOG,1.477261,"GOOG,",","
7,Exxon Mobil Corporation,XOM,1.384744,"XOM,",","
8,UnitedHealth Group Incorporated,UNH,1.352674,"UNH,",","
9,Johnson & Johnson,JNJ,1.350696,"JNJ,",","
10,NVIDIA Corporation,NVDA,1.316782,"NVDA,",","
11,JPMorgan Chase & Co.,JPM,1.217752,"JPM,",","
12,Visa Inc. Class A,V,1.090777,"V,",","
13,Procter & Gamble Company,PG,1.054688,"PG,",","
14,Tesla Inc,TSLA,1.050764,"TSLA,",","
15,Home Depot Inc.,HD,1.00676,"HD,",","
16,Chevron Corporation,CVX,0.958423,"CVX,",","
17,Mastercard Incorporated Class A,MA,0.952531,"MA,",","
18,Meta Platforms Inc. Class A,META,0.90929,"META,",","
19,Eli Lilly and Company,LLY,0.843921,"LLY,",","
20,Merck & Co. Inc.,MRK,0.83848,"MRK,",","
21,AbbVie Inc.,ABBV,0.802101,"ABBV,",","
22,Pfizer Inc.,PFE,0.767877,"PFE,",","
23,PepsiCo Inc.,PEP,0.718758,"PEP,",","
24,Bank of America Corp,BAC,0.715439,"BAC,",","
25,Coca-Cola Company,KO,0.70764,"KO,",","
26,Broadcom Inc.,AVGO,0.707062,"AVGO,",","
27,Thermo Fisher Scientific Inc.,TMO,0.691567,"TMO,",","
28,Costco Wholesale Corporation,COST,0.645131,"COST,",","
29,Walmart Inc.,WMT,0.604276,"WMT,",","
30,McDonald's Corporation,MCD,0.592187,"MCD,",","
31,Abbott Laboratories,ABT,0.590824,"ABT,",","
32,Cisco Systems Inc.,CSCO,0.585395,"CSCO,",","
33,Walt Disney Company,DIS,0.548869,"DIS,",","
34,Danaher Corporation,DHR,0.538973,"DHR,",","
35,Accenture Plc Class A,ACN,0.531607,"ACN,",","
36,Verizon Communications Inc.,VZ,0.510298,"VZ,",","
37,NextEra Energy Inc.,NEE,0.506222,"NEE,",","
38,Wells Fargo & Company,WFC,0.502494,"WFC,",","
39,Comcast Corporation Class A,CMCSA,0.502005,"CMCSA,",","
40,Linde plc,LIN,0.487444,"LIN,",","
41,NIKE Inc. Class B,NKE,0.483951,"NKE,",","
42,Adobe Incorporated,ADBE,0.48388,"ADBE,",","
43,Texas Instruments Incorporated,TXN,0.480988,"TXN,",","
44,Philip Morris International Inc.,PM,0.467763,"PM,",","
45,Bristol-Myers Squibb Company,BMY,0.466052,"BMY,",","
46,ConocoPhillips,COP,0.449064,"COP,",","
47,Salesforce Inc.,CRM,0.442154,"CRM,",","
48,Netflix Inc.,NFLX,0.441462,"NFLX,",","
49,Amgen Inc.,AMGN,0.42843,"AMGN,",","
50,Raytheon Technologies Corporation,RTX,0.428243,"RTX,",","
51,Honeywell International Inc.,HON,0.41681,"HON,",","
52,QUALCOMM Incorporated,QCOM,0.41517,"QCOM,",","
53,AT&T Inc.,T,0.412075,"T,",","
54,Oracle Corporation,ORCL,0.405095,"ORCL,",","
55,Caterpillar Inc.,CAT,0.399953,"CAT,",","
56,Lowe's Companies Inc.,LOW,0.393418,"LOW,",","
57,Union Pacific Corporation,UNP,0.391502,"UNP,",","
58,United Parcel Service Inc. Class B,UPS,0.391296,"UPS,",","
59,Morgan Stanley,MS,0.387045,"MS,",","
60,International Business Machines Corporation,IBM,0.385911,"IBM,",","
61,Charles Schwab Corp,SCHW,0.376411,"SCHW,",","
62,S&P Global Inc.,SPGI,0.368573,"SPGI,",","
63,Starbucks Corporation,SBUX,0.366399,"SBUX,",","
64,Intel Corporation,INTC,0.36144,"INTC,",","
65,Goldman Sachs Group Inc.,GS,0.360826,"GS,",","
66,Boeing Company,BA,0.356635,"BA,",","
67,Deere & Company,DE,0.355688,"DE,",","
68,CVS Health Corporation,CVS,0.352299,"CVS,",","
69,Advanced Micro Devices Inc.,AMD,0.345122,"AMD,",","
70,Prologis Inc.,PLD,0.344164,"PLD,",","
71,Elevance Health Inc.,ELV,0.343029,"ELV,",","
72,BlackRock Inc.,BLK,0.341313,"BLK,",","
73,Intuit Inc.,INTU,0.330803,"INTU,",","
74,Gilead Sciences Inc.,GILD,0.319284,"GILD,",","
75,American Tower Corporation,AMT,0.318734,"AMT,",","
76,Medtronic Plc,MDT,0.318107,"MDT,",","
77,Lockheed Martin Corporation,LMT,0.312879,"LMT,",","
78,Automatic Data Processing Inc.,ADP,0.294783,"ADP,",","
79,Citigroup Inc.,C,0.291034,"C,",","
80,Applied Materials Inc.,AMAT,0.286894,"AMAT,",","
81,Cigna Corporation,CI,0.286596,"CI,",","
82,TJX Companies Inc,TJX,0.283083,"TJX,",","
83,Chubb Limited,CB,0.27907,"CB,",","
84,Intuitive Surgical Inc.,ISRG,0.277051,"ISRG,",","
85,American Express Company,AXP,0.273317,"AXP,",","
86,Booking Holdings Inc.,BKNG,0.270791,"BKNG,",","
87,Mondelez International Inc. Class A,MDLZ,0.268098,"MDLZ,",","
88,PayPal Holdings Inc.,PYPL,0.267925,"PYPL,",","
89,T-Mobile US Inc.,TMUS,0.26608,"TMUS,",","
90,General Electric Company,GE,0.262483,"GE,",","
91,Analog Devices Inc.,ADI,0.261477,"ADI,",","
92,Stryker Corporation,SYK,0.25703,"SYK,",","
93,Marsh & McLennan Companies Inc.,MMC,0.255162,"MMC,",","
94,ServiceNow Inc.,NOW,0.254709,"NOW,",","
95,Schlumberger NV,SLB,0.246263,"SLB,",","
96,Vertex Pharmaceuticals Incorporated,VRTX,0.241787,"VRTX,",","
97,Altria Group Inc,MO,0.240103,"MO,",","
98,Duke Energy Corporation,DUK,0.239361,"DUK,",","
99,Regeneron Pharmaceuticals Inc.,REGN,0.235149,"REGN,",","
100,EOG Resources Inc.,EOG,0.229965,"EOG,",","
101,Progressive Corporation,PGR,0.228066,"PGR,",","
102,Zoetis Inc. Class A,ZTS,0.226626,"ZTS,",","
103,Target Corporation,TGT,0.225938,"TGT,",","
104,Southern Company,SO,0.224116,"SO,",","
105,Becton Dickinson and Company,BDX,0.219062,"BDX,",","
106,3M Company,MMM,0.206254,"MMM,",","
107,CSX Corporation,CSX,0.205985,"CSX,",","
108,Air Products and Chemicals Inc.,APD,0.204222,"APD,",","
109,Fiserv Inc.,FISV,0.200023,"FISV,",","
110,Moderna Inc.,MRNA,0.197876,"MRNA,",","
111,Equinix Inc.,EQIX,0.197662,"EQIX,",","
112,Aon Plc Class A,AON,0.197507,"AON,",","
113,Boston Scientific Corporation,BSX,0.196326,"BSX,",","
114,Northrop Grumman Corp.,NOC,0.196305,"NOC,",","
115,Illinois Tool Works Inc.,ITW,0.194414,"ITW,",","
116,Lam Research Corporation,LRCX,0.19372,"LRCX,",","
117,Colgate-Palmolive Company,CL,0.193164,"CL,",","
118,CME Group Inc. Class A,CME,0.19222,"CME,",","
119,Crown Castle Inc.,CCI,0.191206,"CCI,",","
120,Freeport-McMoRan Inc.,FCX,0.190256,"FCX,",","
121,Eaton Corp. Plc,ETN,0.190067,"ETN,",","
122,U.S. Bancorp,USB,0.187629,"USB,",","
123,Micron Technology Inc.,MU,0.186759,"MU,",","
124,Humana Inc.,HUM,0.18657,"HUM,",","
125,PNC Financial Services Group Inc.,PNC,0.186445,"PNC,",","
126,Truist Financial Corporation,TFC,0.184479,"TFC,",","
127,Estee Lauder Companies Inc. Class A,EL,0.184271,"EL,",","
128,Intercontinental Exchange Inc.,ICE,0.181958,"ICE,",","
129,Norfolk Southern Corporation,NSC,0.179225,"NSC,",","
130,KLA Corporation,KLAC,0.178299,"KLAC,",","
131,Sherwin-Williams Company,SHW,0.174543,"SHW,",","
132,Marathon Petroleum Corporation,MPC,0.172826,"MPC,",","
133,Waste Management Inc.,WM,0.171959,"WM,",","
134,Pioneer Natural Resources Company,PXD,0.169147,"PXD,",","
135,HCA Healthcare Inc,HCA,0.167496,"HCA,",","
136,McKesson Corporation,MCK,0.164815,"MCK,",","
137,General Dynamics Corporation,GD,0.161431,"GD,",","
138,Activision Blizzard Inc.,ATVI,0.160618,"ATVI,",","
139,Emerson Electric Co.,EMR,0.160011,"EMR,",","
140,Valero Energy Corporation,VLO,0.158825,"VLO,",","
141,General Motors Company,GM,0.157377,"GM,",","
142,Dominion Energy Inc,D,0.155878,"D,",","
143,Dollar General Corporation,DG,0.155378,"DG,",","
144,Synopsys Inc.,SNPS,0.15517,"SNPS,",","
145,O'Reilly Automotive Inc.,ORLY,0.153161,"ORLY,",","
146,Moody's Corporation,MCO,0.151259,"MCO,",","
147,Sempra Energy,SRE,0.149726,"SRE,",","
148,Phillips 66,PSX,0.149266,"PSX,",","
149,Ford Motor Company,F,0.148468,"F,",","
150,Edwards Lifesciences Corporation,EW,0.147259,"EW,",","
151,American Electric Power Company Inc.,AEP,0.144415,"AEP,",","
152,Cadence Design Systems Inc.,CDNS,0.14318,"CDNS,",","
153,Amphenol Corporation Class A,APH,0.14275,"APH,",","
154,MetLife Inc.,MET,0.142426,"MET,",","
155,Occidental Petroleum Corporation,OXY,0.142393,"OXY,",","
156,Archer-Daniels-Midland Company,ADM,0.141943,"ADM,",","
157,General Mills Inc.,GIS,0.141531,"GIS,",","
158,Roper Technologies Inc.,ROP,0.141145,"ROP,",","
159,American International Group Inc.,AIG,0.140507,"AIG,",","
160,Agilent Technologies Inc.,A,0.13925,"A,",","
161,Johnson Controls International plc,JCI,0.138044,"JCI,",","
162,Public Storage,PSA,0.136796,"PSA,",","
163,FedEx Corporation,FDX,0.136585,"FDX,",","
164,Kimberly-Clark Corporation,KMB,0.135858,"KMB,",","
165,NXP Semiconductors NV,NXPI,0.135666,"NXPI,",","
166,AutoZone Inc.,AZO,0.135332,"AZO,",","
167,Corteva Inc,CTVA,0.13377,"CTVA,",","
168,Travelers Companies Inc.,TRV,0.132067,"TRV,",","
169,Marriott International Inc. Class A,MAR,0.130695,"MAR,",","
170,Autodesk Inc.,ADSK,0.130178,"ADSK,",","
171,Centene Corporation,CNC,0.130036,"CNC,",","
172,Motorola Solutions Inc.,MSI,0.129721,"MSI,",","
173,Chipotle Mexican Grill Inc.,CMG,0.127078,"CMG,",","
174,Exelon Corporation,EXC,0.126861,"EXC,",","
175,DexCom Inc.,DXCM,0.126431,"DXCM,",","
176,Hess Corporation,HES,0.126154,"HES,",","
177,Realty Income Corporation,O,0.125905,"O,",","
178,Fidelity National Information Services Inc.,FIS,0.125619,"FIS,",","
179,Aflac Incorporated,AFL,0.12524,"AFL,",","
180,Charter Communications Inc. Class A,CHTR,0.124685,"CHTR,",","
181,IQVIA Holdings Inc,IQV,0.124584,"IQV,",","
182,Biogen Inc.,BIIB,0.124458,"BIIB,",","
183,Ross Stores Inc.,ROST,0.124298,"ROST,",","
184,Devon Energy Corporation,DVN,0.124213,"DVN,",","
185,MSCI Inc. Class A,MSCI,0.12392,"MSCI,",","
186,Dow Inc.,DOW,0.123681,"DOW,",","
187,Newmont Corporation,NEM,0.123588,"NEM,",","
188,Microchip Technology Incorporated,MCHP,0.123278,"MCHP,",","
189,Arthur J. Gallagher & Co.,AJG,0.122349,"AJG,",","
190,Trane Technologies plc,TT,0.122201,"TT,",","
191,IDEXX Laboratories Inc.,IDXX,0.121412,"IDXX,",","
192,Nucor Corporation,NUE,0.120863,"NUE,",","
193,Simon Property Group Inc.,SPG,0.120567,"SPG,",","
194,TE Connectivity Ltd.,TEL,0.119451,"TEL,",","
195,Sysco Corporation,SYY,0.119308,"SYY,",","
196,Parker-Hannifin Corporation,PH,0.119222,"PH,",","
197,Capital One Financial Corp,COF,0.11849,"COF,",","
198,Monster Beverage Corporation,MNST,0.11739,"MNST,",","
199,Williams Companies Inc.,WMB,0.116938,"WMB,",","
200,Xcel Energy Inc.,XEL,0.114387,"XEL,",","
201,Paychex Inc.,PAYX,0.114306,"PAYX,",","
202,Cintas Corporation,CTAS,0.114181,"CTAS,",","
203,Ecolab Inc.,ECL,0.112297,"ECL,",","
204,Halliburton Company,HAL,0.112072,"HAL,",","
205,L3Harris Technologies Inc,LHX,0.111757,"LHX,",","
206,Hilton Worldwide Holdings Inc,HLT,0.111673,"HLT,",","
207,DuPont de Nemours Inc.,DD,0.111053,"DD,",","
208,Prudential Financial Inc.,PRU,0.11097,"PRU,",","
209,Carrier Global Corp.,CARR,0.110969,"CARR,",","
210,Yum! Brands Inc.,YUM,0.110918,"YUM,",","
211,Kinder Morgan Inc Class P,KMI,0.110268,"KMI,",","
212,Bank of New York Mellon Corp,BK,0.109681,"BK,",","
213,Allstate Corporation,ALL,0.108452,"ALL,",","
214,Constellation Brands Inc. Class A,STZ,0.108361,"STZ,",","
215,Ameriprise Financial Inc.,AMP,0.107561,"AMP,",","
216,PACCAR Inc,PCAR,0.105443,"PCAR,",","
217,TransDigm Group Incorporated,TDG,0.104966,"TDG,",","
218,Mettler-Toledo International Inc.,MTD,0.1049,"MTD,",","
219,Otis Worldwide Corporation,OTIS,0.103997,"OTIS,",","
220,Cummins Inc.,CMI,0.102998,"CMI,",","
221,Welltower Inc,WELL,0.102921,"WELL,",","
222,Enphase Energy Inc.,ENPH,0.102691,"ENPH,",","
223,Consolidated Edison Inc.,ED,0.10069,"ED,",","
224,ResMed Inc.,RMD,0.100626,"RMD,",","
225,Electronic Arts Inc.,EA,0.098984,"EA,",","
226,Keysight Technologies Inc,KEYS,0.098935,"KEYS,",","
227,Illumina Inc.,ILMN,0.098425,"ILMN,",","
228,AMETEK Inc.,AME,0.098111,"AME,",","
229,CoStar Group Inc.,CSGP,0.096531,"CSGP,",","
230,Hershey Company,HSY,0.096446,"HSY,",","
231,Fortinet Inc.,FTNT,0.095929,"FTNT,",","
232,Kraft Heinz Company,KHC,0.095696,"KHC,",","
233,Cognizant Technology Solutions Corporation Class A,CTSH,0.095567,"CTSH,",","
234,Rockwell Automation Inc.,ROK,0.095514,"ROK,",","
235,SBA Communications Corp. Class A,SBAC,0.095462,"SBAC,",","
236,VICI Properties Inc,VICI,0.095066,"VICI,",","
237,Baker Hughes Company Class A,BKR,0.094069,"BKR,",","
238,ONEOK Inc.,OKE,0.093274,"OKE,",","
239,Dollar Tree Inc.,DLTR,0.092302,"DLTR,",","
240,Public Service Enterprise Group Inc,PEG,0.092279,"PEG,",","
241,Digital Realty Trust Inc.,DLR,0.091792,"DLR,",","
242,Global Payments Inc.,GPN,0.091715,"GPN,",","
243,PPG Industries Inc.,PPG,0.090981,"PPG,",","
244,State Street Corporation,STT,0.090955,"STT,",","
245,D.R. Horton Inc.,DHI,0.090708,"DHI,",","
246,Keurig Dr Pepper Inc.,KDP,0.089897,"KDP,",","
247,Kroger Co.,KR,0.08965,"KR,",","
248,International Flavors & Fragrances Inc.,IFF,0.088896,"IFF,",","
249,WEC Energy Group Inc,WEC,0.088724,"WEC,",","
250,Old Dominion Freight Line Inc.,ODFL,0.087596,"ODFL,",","
251,ON Semiconductor Corporation,ON,0.087037,"ON,",","
252,Albemarle Corporation,ALB,0.086818,"ALB,",","
253,Verisk Analytics Inc,VRSK,0.08592,"VRSK,",","
254,Arista Networks Inc.,ANET,0.085855,"ANET,",","
255,Eversource Energy,ES,0.085217,"ES,",","
256,Discover Financial Services,DFS,0.084686,"DFS,",","
257,Aptiv PLC,APTV,0.084543,"APTV,",","
258,American Water Works Company Inc.,AWK,0.0844,"AWK,",","
259,Warner Bros. Discovery Inc. Series A,WBD,0.083685,"WBD,",","
260,Willis Towers Watson Public Limited Company,WTW,0.083644,"WTW,",","
261,Corning Inc,GLW,0.08251,"GLW,",","
262,Fastenal Company,FAST,0.082001,"FAST,",","
263,United Rentals Inc.,URI,0.081806,"URI,",","
264,Copart Inc.,CPRT,0.081456,"CPRT,",","
265,Constellation Energy Corporation,CEG,0.081364,"CEG,",","
266,CBRE Group Inc. Class A,CBRE,0.08132,"CBRE,",","
267,Equifax Inc.,EFX,0.080997,"EFX,",","
268,CDW Corp.,CDW,0.080775,"CDW,",","
269,AmerisourceBergen Corporation,ABC,0.080226,"ABC,",","
270,T. Rowe Price Group,TROW,0.080047,"TROW,",","
271,Gartner Inc.,IT,0.079226,"IT,",","
272,Ulta Beauty Inc.,ULTA,0.078916,"ULTA,",","
273,W.W. Grainger Inc.,GWW,0.078282,"GWW,",","
274,Zimmer Biomet Holdings Inc.,ZBH,0.077876,"ZBH,",","
275,Walgreens Boots Alliance Inc.,WBA,0.077702,"WBA,",","
276,M&T Bank Corporation,MTB,0.077592,"MTB,",","
277,Diamondback Energy Inc.,FANG,0.077588,"FANG,",","
278,Edison International,EIX,0.077534,"EIX,",","
279,eBay Inc.,EBAY,0.076538,"EBAY,",","
280,PG&E Corporation,PCG,0.076401,"PCG,",","
281,Republic Services Inc.,RSG,0.075994,"RSG,",","
282,HP Inc.,HPQ,0.075921,"HPQ,",","
283,Lennar Corporation Class A,LEN,0.075369,"LEN,",","
284,Delta Air Lines Inc.,DAL,0.073711,"DAL,",","
285,Hartford Financial Services Group Inc.,HIG,0.07354,"HIG,",","
286,First Republic Bank,FRC,0.072878,"FRC,",","
287,Vulcan Materials Company,VMC,0.072872,"VMC,",","
288,Tractor Supply Company,TSCO,0.072199,"TSCO,",","
289,AvalonBay Communities Inc.,AVB,0.071727,"AVB,",","
290,Genuine Parts Company,GPC,0.07143,"GPC,",","
291,Arch Capital Group Ltd.,ACGL,0.071421,"ACGL,",","
292,Fortive Corp.,FTV,0.07134,"FTV,",","
293,Weyerhaeuser Company,WY,0.070476,"WY,",","
294,LyondellBasell Industries NV,LYB,0.070007,"LYB,",","
295,Alexandria Real Estate Equities Inc.,ARE,0.0696,"ARE,",","
296,FirstEnergy Corp.,FE,0.069264,"FE,",","
297,Laboratory Corporation of America Holdings,LH,0.068872,"LH,",","
298,GE Healthcare Technologies Inc.,GEHC,0.068521,"GEHC,",","
299,Fifth Third Bancorp,FITB,0.068274,"FITB,",","
300,Ameren Corporation,AEE,0.068119,"AEE,",","
301,Ingersoll Rand Inc.,IR,0.067952,"IR,",","
302,Raymond James Financial Inc.,RJF,0.067172,"RJF,",","
303,Baxter International Inc.,BAX,0.066908,"BAX,",","
304,DTE Energy Company,DTE,0.066251,"DTE,",","
305,PPL Corporation,PPL,0.066186,"PPL,",","
306,Entergy Corporation,ETR,0.066067,"ETR,",","
307,Martin Marietta Materials Inc.,MLM,0.065879,"MLM,",","
308,ANSYS Inc.,ANSS,0.065811,"ANSS,",","
309,Southwest Airlines Co.,LUV,0.065521,"LUV,",","
310,Nasdaq Inc.,NDAQ,0.064493,"NDAQ,",","
311,Hewlett Packard Enterprise Co.,HPE,0.06304,"HPE,",","
312,Regions Financial Corporation,RF,0.062226,"RF,",","
313,Equity Residential,EQR,0.06209,"EQR,",","
314,Quanta Services Inc.,PWR,0.061946,"PWR,",","
315,Northern Trust Corporation,NTRS,0.061901,"NTRS,",","
316,Xylem Inc.,XYL,0.061412,"XYL,",","
317,Principal Financial Group Inc.,PFG,0.06133,"PFG,",","
318,EPAM Systems Inc.,EPAM,0.061329,"EPAM,",","
319,Huntington Bancshares Incorporated,HBAN,0.061171,"HBAN,",","
320,Citizens Financial Group Inc.,CFG,0.060949,"CFG,",","
321,Cardinal Health Inc.,CAH,0.060936,"CAH,",","
322,Dover Corporation,DOV,0.060707,"DOV,",","
323,Extra Space Storage Inc.,EXR,0.060565,"EXR,",","
324,Church & Dwight Co. Inc.,CHD,0.060202,"CHD,",","
325,VeriSign Inc.,VRSN,0.060021,"VRSN,",","
326,Hologic Inc.,HOLX,0.059918,"HOLX,",","
327,Waters Corporation,WAT,0.059625,"WAT,",","
328,Coterra Energy Inc.,CTRA,0.059424,"CTRA,",","
329,STERIS Plc,STE,0.058852,"STE,",","
330,McCormick & Company Incorporated,MKC,0.058789,"MKC,",","
331,Ventas Inc.,VTR,0.058584,"VTR,",","
332,CenterPoint Energy Inc.,CNP,0.057473,"CNP,",","
333,Teledyne Technologies Incorporated,TDY,0.056922,"TDY,",","
334,Tyson Foods Inc. Class A,TSN,0.056501,"TSN,",","
335,West Pharmaceutical Services Inc.,WST,0.056485,"WST,",","
336,Westinghouse Air Brake Technologies Corporation,WAB,0.056114,"WAB,",","
337,Conagra Brands Inc.,CAG,0.055422,"CAG,",","
338,Steel Dynamics Inc.,STLD,0.054608,"STLD,",","
339,Mid-America Apartment Communities Inc.,MAA,0.054519,"MAA,",","
340,Align Technology Inc.,ALGN,0.054408,"ALGN,",","
341,Darden Restaurants Inc.,DRI,0.054402,"DRI,",","
342,Invitation Homes Inc.,INVH,0.054374,"INVH,",","
343,Las Vegas Sands Corp.,LVS,0.05413,"LVS,",","
344,Amcor PLC,AMCR,0.054128,"AMCR,",","
345,Ball Corporation,BALL,0.054086,"BALL,",","
346,AES Corporation,AES,0.053842,"AES,",","
347,Monolithic Power Systems Inc.,MPWR,0.053526,"MPWR,",","
348,First Solar Inc.,FSLR,0.053517,"FSLR,",","
349,SolarEdge Technologies Inc.,SEDG,0.05348,"SEDG,",","
350,CMS Energy Corporation,CMS,0.053472,"CMS,",","
351,IDEX Corporation,IEX,0.053358,"IEX,",","
352,Expeditors International of Washington Inc.,EXPD,0.053176,"EXPD,",","
353,Clorox Company,CLX,0.052831,"CLX,",","
354,Kellogg Company,K,0.05239,"K,",","
355,Molina Healthcare Inc.,MOH,0.05201,"MOH,",","
356,Marathon Oil Corporation,MRO,0.051893,"MRO,",","
357,Broadridge Financial Solutions Inc.,BR,0.051505,"BR,",","
358,Quest Diagnostics Incorporated,DGX,0.051214,"DGX,",","
359,Omnicom Group Inc,OMC,0.051195,"OMC,",","
360,CF Industries Holdings Inc.,CF,0.05109,"CF,",","
361,Best Buy Co. Inc.,BBY,0.050714,"BBY,",","
362,Cincinnati Financial Corporation,CINF,0.050343,"CINF,",","
363,PerkinElmer Inc.,PKI,0.050329,"PKI,",","
364,Targa Resources Corp.,TRGP,0.050242,"TRGP,",","
365,Cooper Companies Inc.,COO,0.050151,"COO,",","
366,Etsy Inc.,ETSY,0.050096,"ETSY,",","
367,Skyworks Solutions Inc.,SWKS,0.049428,"SWKS,",","
368,Mosaic Company,MOS,0.049232,"MOS,",","
369,Take-Two Interactive Software Inc.,TTWO,0.049101,"TTWO,",","
370,J.M. Smucker Company,SJM,0.048812,"SJM,",","
371,FactSet Research Systems Inc.,FDS,0.048791,"FDS,",","
372,United Airlines Holdings Inc.,UAL,0.048556,"UAL,",","
373,FMC Corporation,FMC,0.048321,"FMC,",","
374,KeyCorp,KEY,0.048234,"KEY,",","
375,Jacobs Solutions Inc.,J,0.047666,"J,",","
376,Avery Dennison Corporation,AVY,0.047072,"AVY,",","
377,Expedia Group Inc.,EXPE,0.047012,"EXPE,",","
378,Atmos Energy Corporation,ATO,0.046876,"ATO,",","
379,NVR Inc.,NVR,0.046759,"NVR,",","
380,J.B. Hunt Transport Services Inc.,JBHT,0.046678,"JBHT,",","
381,Zebra Technologies Corporation Class A,ZBRA,0.046512,"ZBRA,",","
382,Incyte Corporation,INCY,0.046438,"INCY,",","
383,Paycom Software Inc.,PAYC,0.046068,"PAYC,",","
384,Teradyne Inc.,TER,0.045562,"TER,",","
385,Synchrony Financial,SYF,0.045485,"SYF,",","
386,Iron Mountain Inc.,IRM,0.045401,"IRM,",","
387,Garmin Ltd.,GRMN,0.045158,"GRMN,",","
388,LKQ Corporation,LKQ,0.044336,"LKQ,",","
389,SVB Financial Group,SIVB,0.044332,"SIVB,",","
390,Howmet Aerospace Inc.,HWM,0.044226,"HWM,",","
391,W. R. Berkley Corporation,WRB,0.043884,"WRB,",","
392,Textron Inc.,TXT,0.043779,"TXT,",","
393,NetApp Inc.,NTAP,0.043695,"NTAP,",","
394,APA Corp.,APA,0.043577,"APA,",","
395,FLEETCOR Technologies Inc.,FLT,0.043573,"FLT,",","
396,Healthpeak Properties Inc.,PEAK,0.043252,"PEAK,",","
397,Pool Corporation,POOL,0.043244,"POOL,",","
398,Brown & Brown Inc.,BRO,0.042532,"BRO,",","
399,Lamb Weston Holdings Inc.,LW,0.042256,"LW,",","
400,Akamai Technologies Inc.,AKAM,0.042238,"AKAM,",","
401,Interpublic Group of Companies Inc.,IPG,0.042064,"IPG,",","
402,Essex Property Trust Inc.,ESS,0.042036,"ESS,",","
403,Viatris Inc.,VTRS,0.041619,"VTRS,",","
404,Evergy Inc.,EVRG,0.041558,"EVRG,",","
405,Everest Re Group Ltd.,RE,0.041309,"RE,",","
406,Royal Caribbean Group,RCL,0.041289,"RCL,",","
407,PTC Inc.,PTC,0.041134,"PTC,",","
408,Trimble Inc.,TRMB,0.041027,"TRMB,",","
409,International Paper Company,IP,0.04044,"IP,",","
410,Alliant Energy Corp,LNT,0.04034,"LNT,",","
411,Match Group Inc.,MTCH,0.040183,"MTCH,",","
412,Jack Henry & Associates Inc.,JKHY,0.039875,"JKHY,",","
413,Kimco Realty Corporation,KIM,0.039658,"KIM,",","
414,Leidos Holdings Inc.,LDOS,0.039478,"LDOS,",","
415,Stanley Black & Decker Inc.,SWK,0.039267,"SWK,",","
416,Cboe Global Markets Inc,CBOE,0.039228,"CBOE,",","
417,Snap-on Incorporated,SNA,0.039009,"SNA,",","
418,Nordson Corporation,NDSN,0.038979,"NDSN,",","
419,Gen Digital Inc.,GEN,0.038975,"GEN,",","
420,Hormel Foods Corporation,HRL,0.038974,"HRL,",","
421,Tyler Technologies Inc.,TYL,0.038623,"TYL,",","
422,MGM Resorts International,MGM,0.037843,"MGM,",","
423,Domino's Pizza Inc.,DPZ,0.037642,"DPZ,",","
424,MarketAxess Holdings Inc.,MKTX,0.037471,"MKTX,",","
425,Bio-Techne Corporation,TECH,0.037349,"TECH,",","
426,Packaging Corporation of America,PKG,0.037331,"PKG,",","
427,UDR Inc.,UDR,0.03721,"UDR,",","
428,EQT Corporation,EQT,0.037208,"EQT,",","
429,Camden Property Trust,CPT,0.037078,"CPT,",","
430,Brown-Forman Corporation Class B,BF.B,0.036559,"BF.B,",","
431,Host Hotels & Resorts Inc.,HST,0.036555,"HST,",","
432,Celanese Corporation,CE,0.035836,"CE,",","
433,PulteGroup Inc.,PHM,0.035711,"PHM,",","
434,Charles River Laboratories International Inc.,CRL,0.035365,"CRL,",","
435,Western Digital Corporation,WDC,0.035306,"WDC,",","
436,C.H. Robinson Worldwide Inc.,CHRW,0.035,"CHRW,",","
437,Seagate Technology Holdings PLC,STX,0.034697,"STX,",","
438,Loews Corporation,L,0.034555,"L,",","
439,Masco Corporation,MAS,0.034429,"MAS,",","
440,Henry Schein Inc.,HSIC,0.033659,"HSIC,",","
441,Tapestry Inc.,TPR,0.033375,"TPR,",","
442,Teleflex Incorporated,TFX,0.033173,"TFX,",","
443,NiSource Inc,NI,0.033134,"NI,",","
444,Eastman Chemical Company,EMN,0.032848,"EMN,",","
445,Globe Life Inc.,GL,0.032525,"GL,",","
446,American Airlines Group Inc.,AAL,0.032296,"AAL,",","
447,Campbell Soup Company,CPB,0.032243,"CPB,",","
448,BorgWarner Inc.,BWA,0.031671,"BWA,",","
449,Live Nation Entertainment Inc.,LYV,0.031638,"LYV,",","
450,Qorvo Inc.,QRVO,0.03158,"QRVO,",","
451,Bath & Body Works Inc.,BBWI,0.031452,"BBWI,",","
452,Ceridian HCM Holding Inc.,CDAY,0.031371,"CDAY,",","
453,Juniper Networks Inc.,JNPR,0.031276,"JNPR,",","
454,Wynn Resorts Limited,WYNN,0.031266,"WYNN,",","
455,CarMax Inc.,KMX,0.03099,"KMX,",","
456,Carnival Corporation,CCL,0.030728,"CCL,",","
457,Paramount Global Class B,PARA,0.030622,"PARA,",","
458,Caesars Entertainment Inc,CZR,0.030373,"CZR,",","
459,Boston Properties Inc.,BXP,0.030317,"BXP,",","
460,Allegion Public Limited Company,ALLE,0.029863,"ALLE,",","
461,Universal Health Services Inc. Class B,UHS,0.029514,"UHS,",","
462,Regency Centers Corporation,REG,0.02941,"REG,",","
463,Fox Corporation Class A,FOXA,0.029238,"FOXA,",","
464,V.F. Corporation,VFC,0.029204,"VFC,",","
465,Bio-Rad Laboratories Inc. Class A,BIO,0.029193,"BIO,",","
466,WestRock Company,WRK,0.027991,"WRK,",","
467,Molson Coors Beverage Company Class B,TAP,0.027897,"TAP,",","
468,Advance Auto Parts Inc.,AAP,0.026969,"AAP,",","
469,Huntington Ingalls Industries Inc.,HII,0.026423,"HII,",","
470,Comerica Incorporated,CMA,0.026293,"CMA,",","
471,Invesco Ltd.,IVZ,0.026221,"IVZ,",","
472,Catalent Inc,CTLT,0.025988,"CTLT,",","
473,F5 Inc.,FFIV,0.025893,"FFIV,",","
474,Rollins Inc.,ROL,0.025808,"ROL,",","
475,Robert Half International Inc.,RHI,0.025628,"RHI,",","
476,Pinnacle West Capital Corporation,PNW,0.025333,"PNW,",","
477,Pentair plc,PNR,0.024992,"PNR,",","
478,Whirlpool Corporation,WHR,0.024803,"WHR,",","
479,Hasbro Inc.,HAS,0.024784,"HAS,",","
480,Franklin Resources Inc.,BEN,0.024693,"BEN,",","
481,Organon & Co.,OGN,0.024425,"OGN,",","
482,Sealed Air Corporation,SEE,0.02432,"SEE,",","
483,DENTSPLY SIRONA Inc.,XRAY,0.024207,"XRAY,",","
484,Federal Realty Investment Trust,FRT,0.02411,"FRT,",","
485,A. O. Smith Corporation,AOS,0.023383,"AOS,",","
486,NRG Energy Inc.,NRG,0.02254,"NRG,",","
487,Signature Bank,SBNY,0.022363,"SBNY,",","
488,News Corporation Class A,NWSA,0.022298,"NWSA,",","
489,Zions Bancorporation N.A.,ZION,0.022037,"ZION,",","
490,Generac Holdings Inc.,GNRC,0.02158,"GNRC,",","
491,Assurant Inc.,AIZ,0.02052,"AIZ,",","
492,DXC Technology Co.,DXC,0.020161,"DXC,",","
493,Norwegian Cruise Line Holdings Ltd.,NCLH,0.019508,"NCLH,",","
494,Alaska Air Group Inc.,ALK,0.018514,"ALK,",","
495,Mohawk Industries Inc.,MHK,0.01752,"MHK,",","
496,Newell Brands Inc,NWL,0.017232,"NWL,",","
497,Ralph Lauren Corporation Class A,RL,0.015462,"RL,",","
498,Lumen Technologies Inc.,LUMN,0.014832,"LUMN,",","
499,Lincoln National Corp,LNC,0.01422,"LNC,",","
500,DaVita Inc.,DVA,0.0134,"DVA,",","
501,Fox Corporation Class B,FOX,0.013121,"FOX,",","
502,DISH Network Corporation Class A,DISH,0.010429,"DISH,",","
503,News Corporation Class B,NWS,0.007126,"NWS,",","
,,,,,